<annotation>
	<folder>JPEGImages</folder>
	<filename>0008.jpg</filename>
	<path>./train_val_test/JPEGImages/0008.jpg</path>
	<source>
		<database>Unknown</database>
	</source>
	<size>
		<width>350</width>
		<height>84</height>
		<depth>3</depth>
	</size>
	<segmented>0</segmented>
	<object>
		<name>BP</name>
		<pose>Unspecified</pose>
		<truncated>0</truncated>
		<difficult>0</difficult>
		<bndbox>
			<xmin>57</xmin>
			<ymin>22</ymin>
			<xmax>82</xmax>
			<ymax>73</ymax>
		</bndbox>
	</object>
	<object>
		<name>IS</name>
		<pose>Unspecified</pose>
		<truncated>1</truncated>
		<difficult>0</difficult>
		<bndbox>
			<xmin>1</xmin>
			<ymin>9</ymin>
			<xmax>60</xmax>
			<ymax>64</ymax>
		</bndbox>
	</object>
</annotation>