<annotation>
	<folder>Images</folder>
	<filename>0009.jpg</filename>
	<path>./train_val_test/JPEGImages/0009.jpg</path>
	<source>
		<database>Unknown</database>
	</source>
	<size>
		<width>350</width>
		<height>84</height>
		<depth>3</depth>
	</size>
	<segmented>0</segmented>
	<object>
		<name>CWLT</name>
		<pose>Unspecified</pose>
		<truncated>0</truncated>
		<difficult>0</difficult>
		<bndbox>
			<xmin>215</xmin>
			<ymin>31</ymin>
			<xmax>260</xmax>
			<ymax>57</ymax>
		</bndbox>
	</object>
	<object>
		<name>BP</name>
		<pose>Unspecified</pose>
		<truncated>0</truncated>
		<difficult>0</difficult>
		<bndbox>
			<xmin>262</xmin>
			<ymin>51</ymin>
			<xmax>283</xmax>
			<ymax>66</ymax>
		</bndbox>
	</object>
</annotation>