<annotation>
	<folder>Images</folder>
	<filename>0012.jpg</filename>
	<path>./train_val_test/JPEGImages/0012.jpg</path>
	<source>
		<database>Unknown</database>
	</source>
	<size>
		<width>350</width>
		<height>84</height>
		<depth>3</depth>
	</size>
	<segmented>0</segmented>
	<object>
		<name>TB</name>
		<pose>Unspecified</pose>
		<truncated>0</truncated>
		<difficult>0</difficult>
		<bndbox>
			<xmin>183</xmin>
			<ymin>17</ymin>
			<xmax>198</xmax>
			<ymax>33</ymax>
		</bndbox>
	</object>
	<object>
		<name>TB</name>
		<pose>Unspecified</pose>
		<truncated>0</truncated>
		<difficult>0</difficult>
		<bndbox>
			<xmin>147</xmin>
			<ymin>38</ymin>
			<xmax>159</xmax>
			<ymax>52</ymax>
		</bndbox>
	</object>
	<object>
		<name>CWLT</name>
		<pose>Unspecified</pose>
		<truncated>0</truncated>
		<difficult>0</difficult>
		<bndbox>
			<xmin>119</xmin>
			<ymin>34</ymin>
			<xmax>144</xmax>
			<ymax>52</ymax>
		</bndbox>
	</object>
</annotation>