<annotation>
	<folder>Images</folder>
	<filename>0013.jpg</filename>
	<path>./train_val_test/JPEGImages/0013.jpg</path>
	<source>
		<database>Unknown</database>
	</source>
	<size>
		<width>350</width>
		<height>84</height>
		<depth>3</depth>
	</size>
	<segmented>0</segmented>
	<object>
		<name>TB</name>
		<pose>Unspecified</pose>
		<truncated>0</truncated>
		<difficult>0</difficult>
		<bndbox>
			<xmin>269</xmin>
			<ymin>39</ymin>
			<xmax>281</xmax>
			<ymax>53</ymax>
		</bndbox>
	</object>
</annotation>