<annotation>
	<folder>JPEGImages</folder>
	<filename>0016.jpg</filename>
	<path>./train_val_test/JPEGImages/0016.jpg</path>
	<source>
		<database>Unknown</database>
	</source>
	<size>
		<width>350</width>
		<height>84</height>
		<depth>3</depth>
	</size>
	<segmented>0</segmented>
	<object>
		<name>IS</name>
		<pose>Unspecified</pose>
		<truncated>1</truncated>
		<difficult>0</difficult>
		<bndbox>
			<xmin>1</xmin>
			<ymin>3</ymin>
			<xmax>71</xmax>
			<ymax>63</ymax>
		</bndbox>
	</object>
	<object>
		<name>BP</name>
		<pose>Unspecified</pose>
		<truncated>0</truncated>
		<difficult>0</difficult>
		<bndbox>
			<xmin>237</xmin>
			<ymin>29</ymin>
			<xmax>262</xmax>
			<ymax>66</ymax>
		</bndbox>
	</object>
</annotation>