<annotation>
	<folder>Images</folder>
	<filename>0023.jpg</filename>
	<path>./train_val_test/JPEGImages/0023.jpg</path>
	<source>
		<database>Unknown</database>
	</source>
	<size>
		<width>350</width>
		<height>84</height>
		<depth>3</depth>
	</size>
	<segmented>0</segmented>
	<object>
		<name>SBS</name>
		<pose>Unspecified</pose>
		<truncated>0</truncated>
		<difficult>0</difficult>
		<bndbox>
			<xmin>149</xmin>
			<ymin>9</ymin>
			<xmax>162</xmax>
			<ymax>20</ymax>
		</bndbox>
	</object>
	<object>
		<name>SBS</name>
		<pose>Unspecified</pose>
		<truncated>0</truncated>
		<difficult>0</difficult>
		<bndbox>
			<xmin>187</xmin>
			<ymin>9</ymin>
			<xmax>200</xmax>
			<ymax>21</ymax>
		</bndbox>
	</object>
</annotation>