<annotation>
	<folder>JPEGImages</folder>
	<filename>0028.jpg</filename>
	<path>./train_val_test/JPEGImages/0028.jpg</path>
	<source>
		<database>Unknown</database>
	</source>
	<size>
		<width>350</width>
		<height>84</height>
		<depth>3</depth>
	</size>
	<segmented>0</segmented>
	<object>
		<name>IS</name>
		<pose>Unspecified</pose>
		<truncated>0</truncated>
		<difficult>0</difficult>
		<bndbox>
			<xmin>295</xmin>
			<ymin>23</ymin>
			<xmax>348</xmax>
			<ymax>67</ymax>
		</bndbox>
	</object>
	<object>
		<name>BP</name>
		<pose>Unspecified</pose>
		<truncated>0</truncated>
		<difficult>0</difficult>
		<bndbox>
			<xmin>266</xmin>
			<ymin>35</ymin>
			<xmax>293</xmax>
			<ymax>57</ymax>
		</bndbox>
	</object>
</annotation>