<annotation>
	<folder>JPEGImages</folder>
	<filename>0031.jpg</filename>
	<path>./train_val_test/JPEGImages/0031.jpg</path>
	<source>
		<database>Unknown</database>
	</source>
	<size>
		<width>350</width>
		<height>84</height>
		<depth>3</depth>
	</size>
	<segmented>0</segmented>
	<object>
		<name>CWLT</name>
		<pose>Unspecified</pose>
		<truncated>0</truncated>
		<difficult>0</difficult>
		<bndbox>
			<xmin>80</xmin>
			<ymin>26</ymin>
			<xmax>131</xmax>
			<ymax>62</ymax>
		</bndbox>
	</object>
	<object>
		<name>BP</name>
		<pose>Unspecified</pose>
		<truncated>0</truncated>
		<difficult>0</difficult>
		<bndbox>
			<xmin>60</xmin>
			<ymin>64</ymin>
			<xmax>96</xmax>
			<ymax>83</ymax>
		</bndbox>
	</object>
</annotation>