<annotation>
	<folder>JPEGImages</folder>
	<filename>0037.jpg</filename>
	<path>./train_val_test/JPEGImages/0037.jpg</path>
	<source>
		<database>Unknown</database>
	</source>
	<size>
		<width>350</width>
		<height>84</height>
		<depth>3</depth>
	</size>
	<segmented>0</segmented>
	<object>
		<name>CWLT</name>
		<pose>Unspecified</pose>
		<truncated>0</truncated>
		<difficult>0</difficult>
		<bndbox>
			<xmin>81</xmin>
			<ymin>22</ymin>
			<xmax>111</xmax>
			<ymax>40</ymax>
		</bndbox>
	</object>
	<object>
		<name>IS</name>
		<pose>Unspecified</pose>
		<truncated>0</truncated>
		<difficult>0</difficult>
		<bndbox>
			<xmin>277</xmin>
			<ymin>17</ymin>
			<xmax>349</xmax>
			<ymax>75</ymax>
		</bndbox>
	</object>
	<object>
		<name>BP</name>
		<pose>Unspecified</pose>
		<truncated>0</truncated>
		<difficult>0</difficult>
		<bndbox>
			<xmin>251</xmin>
			<ymin>37</ymin>
			<xmax>280</xmax>
			<ymax>64</ymax>
		</bndbox>
	</object>
</annotation>