<annotation>
	<folder>Images</folder>
	<filename>0056.jpg</filename>
	<path>./train_val_test/JPEGImages/0056.jpg</path>
	<source>
		<database>Unknown</database>
	</source>
	<size>
		<width>350</width>
		<height>84</height>
		<depth>3</depth>
	</size>
	<segmented>0</segmented>
	<object>
		<name>CWTB</name>
		<pose>Unspecified</pose>
		<truncated>0</truncated>
		<difficult>0</difficult>
		<bndbox>
			<xmin>68</xmin>
			<ymin>26</ymin>
			<xmax>125</xmax>
			<ymax>52</ymax>
		</bndbox>
	</object>
	<object>
		<name>CWLT</name>
		<pose>Unspecified</pose>
		<truncated>0</truncated>
		<difficult>0</difficult>
		<bndbox>
			<xmin>246</xmin>
			<ymin>16</ymin>
			<xmax>264</xmax>
			<ymax>30</ymax>
		</bndbox>
	</object>
</annotation>