<annotation>
	<folder>JPEGImages</folder>
	<filename>0059.jpg</filename>
	<path>./train_val_test/JPEGImages/0059.jpg</path>
	<source>
		<database>Unknown</database>
	</source>
	<size>
		<width>350</width>
		<height>84</height>
		<depth>3</depth>
	</size>
	<segmented>0</segmented>
	<object>
		<name>CWTB</name>
		<pose>Unspecified</pose>
		<truncated>0</truncated>
		<difficult>0</difficult>
		<bndbox>
			<xmin>68</xmin>
			<ymin>23</ymin>
			<xmax>144</xmax>
			<ymax>64</ymax>
		</bndbox>
	</object>
	<object>
		<name>IS</name>
		<pose>Unspecified</pose>
		<truncated>1</truncated>
		<difficult>0</difficult>
		<bndbox>
			<xmin>1</xmin>
			<ymin>22</ymin>
			<xmax>72</xmax>
			<ymax>69</ymax>
		</bndbox>
	</object>
	<object>
		<name>CWLT</name>
		<pose>Unspecified</pose>
		<truncated>0</truncated>
		<difficult>0</difficult>
		<bndbox>
			<xmin>242</xmin>
			<ymin>27</ymin>
			<xmax>265</xmax>
			<ymax>42</ymax>
		</bndbox>
	</object>
</annotation>