<annotation>
	<folder>Images</folder>
	<filename>0081.jpg</filename>
	<path>./train_val_test/JPEGImages/0081.jpg</path>
	<source>
		<database>Unknown</database>
	</source>
	<size>
		<width>350</width>
		<height>84</height>
		<depth>3</depth>
	</size>
	<segmented>0</segmented>
	<object>
		<name>TB</name>
		<pose>Unspecified</pose>
		<truncated>0</truncated>
		<difficult>0</difficult>
		<bndbox>
			<xmin>192</xmin>
			<ymin>32</ymin>
			<xmax>208</xmax>
			<ymax>49</ymax>
		</bndbox>
	</object>
	<object>
		<name>CWLT</name>
		<pose>Unspecified</pose>
		<truncated>0</truncated>
		<difficult>0</difficult>
		<bndbox>
			<xmin>92</xmin>
			<ymin>28</ymin>
			<xmax>158</xmax>
			<ymax>64</ymax>
		</bndbox>
	</object>
	<object>
		<name>CWLT</name>
		<pose>Unspecified</pose>
		<truncated>0</truncated>
		<difficult>0</difficult>
		<bndbox>
			<xmin>255</xmin>
			<ymin>25</ymin>
			<xmax>280</xmax>
			<ymax>40</ymax>
		</bndbox>
	</object>
</annotation>