<annotation>
	<folder>Images</folder>
	<filename>0083.jpg</filename>
	<path>./train_val_test/JPEGImages/0083.jpg</path>
	<source>
		<database>Unknown</database>
	</source>
	<size>
		<width>350</width>
		<height>84</height>
		<depth>3</depth>
	</size>
	<segmented>0</segmented>
	<object>
		<name>BP</name>
		<pose>Unspecified</pose>
		<truncated>0</truncated>
		<difficult>0</difficult>
		<bndbox>
			<xmin>237</xmin>
			<ymin>8</ymin>
			<xmax>258</xmax>
			<ymax>27</ymax>
		</bndbox>
	</object>
	<object>
		<name>BP</name>
		<pose>Unspecified</pose>
		<truncated>0</truncated>
		<difficult>0</difficult>
		<bndbox>
			<xmin>165</xmin>
			<ymin>2</ymin>
			<xmax>191</xmax>
			<ymax>35</ymax>
		</bndbox>
	</object>
</annotation>