<annotation>
	<folder>NG</folder>
	<filename>0096.jpg</filename>
	<path>./train_val_test/JPEGImages/0096.jpg</path>
	<source>
		<database>Unknown</database>
	</source>
	<size>
		<width>350</width>
		<height>84</height>
		<depth>3</depth>
	</size>
	<segmented>0</segmented>
	<object>
		<name>CWTB</name>
		<pose>Unspecified</pose>
		<truncated>0</truncated>
		<difficult>0</difficult>
		<bndbox>
			<xmin>84</xmin>
			<ymin>28</ymin>
			<xmax>158</xmax>
			<ymax>65</ymax>
		</bndbox>
	</object>
	<object>
		<name>CWTB</name>
		<pose>Unspecified</pose>
		<truncated>0</truncated>
		<difficult>0</difficult>
		<bndbox>
			<xmin>165</xmin>
			<ymin>36</ymin>
			<xmax>227</xmax>
			<ymax>64</ymax>
		</bndbox>
	</object>
</annotation>