<annotation>
	<folder>Images</folder>
	<filename>0097.jpg</filename>
	<path>./train_val_test/JPEGImages/0097.jpg</path>
	<source>
		<database>Unknown</database>
	</source>
	<size>
		<width>350</width>
		<height>84</height>
		<depth>3</depth>
	</size>
	<segmented>0</segmented>
	<object>
		<name>CWLT</name>
		<pose>Unspecified</pose>
		<truncated>0</truncated>
		<difficult>0</difficult>
		<bndbox>
			<xmin>246</xmin>
			<ymin>27</ymin>
			<xmax>276</xmax>
			<ymax>48</ymax>
		</bndbox>
	</object>
	<object>
		<name>BP</name>
		<pose>Unspecified</pose>
		<truncated>0</truncated>
		<difficult>0</difficult>
		<bndbox>
			<xmin>54</xmin>
			<ymin>38</ymin>
			<xmax>95</xmax>
			<ymax>69</ymax>
		</bndbox>
	</object>
</annotation>