<annotation>
	<folder>JPEGImages</folder>
	<filename>0116.jpg</filename>
	<path>./train_val_test/JPEGImages/0116.jpg</path>
	<source>
		<database>Unknown</database>
	</source>
	<size>
		<width>350</width>
		<height>84</height>
		<depth>3</depth>
	</size>
	<segmented>0</segmented>
	<object>
		<name>CWLT</name>
		<pose>Unspecified</pose>
		<truncated>0</truncated>
		<difficult>0</difficult>
		<bndbox>
			<xmin>243</xmin>
			<ymin>29</ymin>
			<xmax>296</xmax>
			<ymax>64</ymax>
		</bndbox>
	</object>
	<object>
		<name>BP</name>
		<pose>Unspecified</pose>
		<truncated>0</truncated>
		<difficult>0</difficult>
		<bndbox>
			<xmin>290</xmin>
			<ymin>38</ymin>
			<xmax>322</xmax>
			<ymax>66</ymax>
		</bndbox>
	</object>
</annotation>