<annotation>
	<folder>JPEGImages</folder>
	<filename>0122.jpg</filename>
	<path>./train_val_test/JPEGImages/0122.jpg</path>
	<source>
		<database>Unknown</database>
	</source>
	<size>
		<width>350</width>
		<height>84</height>
		<depth>3</depth>
	</size>
	<segmented>0</segmented>
	<object>
		<name>IS</name>
		<pose>Unspecified</pose>
		<truncated>1</truncated>
		<difficult>0</difficult>
		<bndbox>
			<xmin>272</xmin>
			<ymin>15</ymin>
			<xmax>350</xmax>
			<ymax>67</ymax>
		</bndbox>
	</object>
	<object>
		<name>BP</name>
		<pose>Unspecified</pose>
		<truncated>0</truncated>
		<difficult>0</difficult>
		<bndbox>
			<xmin>63</xmin>
			<ymin>54</ymin>
			<xmax>80</xmax>
			<ymax>67</ymax>
		</bndbox>
	</object>
</annotation>