<annotation>
	<folder>JPEGImages</folder>
	<filename>0124.jpg</filename>
	<path>./train_val_test/JPEGImages/0124.jpg</path>
	<source>
		<database>Unknown</database>
	</source>
	<size>
		<width>350</width>
		<height>84</height>
		<depth>3</depth>
	</size>
	<segmented>0</segmented>
	<object>
		<name>SBS</name>
		<pose>Unspecified</pose>
		<truncated>0</truncated>
		<difficult>0</difficult>
		<bndbox>
			<xmin>184</xmin>
			<ymin>14</ymin>
			<xmax>197</xmax>
			<ymax>25</ymax>
		</bndbox>
	</object>
	<object>
		<name>IS</name>
		<pose>Unspecified</pose>
		<truncated>1</truncated>
		<difficult>0</difficult>
		<bndbox>
			<xmin>1</xmin>
			<ymin>19</ymin>
			<xmax>86</xmax>
			<ymax>69</ymax>
		</bndbox>
	</object>
	<object>
		<name>IS</name>
		<pose>Unspecified</pose>
		<truncated>1</truncated>
		<difficult>0</difficult>
		<bndbox>
			<xmin>257</xmin>
			<ymin>9</ymin>
			<xmax>350</xmax>
			<ymax>56</ymax>
		</bndbox>
	</object>
</annotation>