<annotation>
	<folder>JPEGImages</folder>
	<filename>0130.jpg</filename>
	<path>./train_val_test/JPEGImages/0130.jpg</path>
	<source>
		<database>Unknown</database>
	</source>
	<size>
		<width>350</width>
		<height>84</height>
		<depth>3</depth>
	</size>
	<segmented>0</segmented>
	<object>
		<name>BP</name>
		<pose>Unspecified</pose>
		<truncated>0</truncated>
		<difficult>0</difficult>
		<bndbox>
			<xmin>241</xmin>
			<ymin>30</ymin>
			<xmax>279</xmax>
			<ymax>75</ymax>
		</bndbox>
	</object>
	<object>
		<name>BP</name>
		<pose>Unspecified</pose>
		<truncated>0</truncated>
		<difficult>0</difficult>
		<bndbox>
			<xmin>172</xmin>
			<ymin>17</ymin>
			<xmax>201</xmax>
			<ymax>48</ymax>
		</bndbox>
	</object>
</annotation>