<annotation>
	<folder>JPEGImages</folder>
	<filename>0131.jpg</filename>
	<path>./train_val_test/JPEGImages/0131.jpg</path>
	<source>
		<database>Unknown</database>
	</source>
	<size>
		<width>350</width>
		<height>84</height>
		<depth>3</depth>
	</size>
	<segmented>0</segmented>
	<object>
		<name>BP</name>
		<pose>Unspecified</pose>
		<truncated>0</truncated>
		<difficult>0</difficult>
		<bndbox>
			<xmin>148</xmin>
			<ymin>21</ymin>
			<xmax>193</xmax>
			<ymax>41</ymax>
		</bndbox>
	</object>
	<object>
		<name>BP</name>
		<pose>Unspecified</pose>
		<truncated>0</truncated>
		<difficult>0</difficult>
		<bndbox>
			<xmin>55</xmin>
			<ymin>24</ymin>
			<xmax>156</xmax>
			<ymax>82</ymax>
		</bndbox>
	</object>
</annotation>