<annotation>
	<folder>JPEGImages</folder>
	<filename>0136.jpg</filename>
	<path>./train_val_test/JPEGImages/0136.jpg</path>
	<source>
		<database>Unknown</database>
	</source>
	<size>
		<width>350</width>
		<height>84</height>
		<depth>3</depth>
	</size>
	<segmented>0</segmented>
	<object>
		<name>CWLT</name>
		<pose>Unspecified</pose>
		<truncated>0</truncated>
		<difficult>0</difficult>
		<bndbox>
			<xmin>226</xmin>
			<ymin>21</ymin>
			<xmax>276</xmax>
			<ymax>48</ymax>
		</bndbox>
	</object>
	<object>
		<name>IS</name>
		<pose>Unspecified</pose>
		<truncated>1</truncated>
		<difficult>0</difficult>
		<bndbox>
			<xmin>281</xmin>
			<ymin>12</ymin>
			<xmax>350</xmax>
			<ymax>70</ymax>
		</bndbox>
	</object>
</annotation>