<annotation>
	<folder>JPEGImages</folder>
	<filename>0145.jpg</filename>
	<path>./train_val_test/JPEGImages/0145.jpg</path>
	<source>
		<database>Unknown</database>
	</source>
	<size>
		<width>350</width>
		<height>84</height>
		<depth>3</depth>
	</size>
	<segmented>0</segmented>
	<object>
		<name>BP</name>
		<pose>Unspecified</pose>
		<truncated>0</truncated>
		<difficult>0</difficult>
		<bndbox>
			<xmin>101</xmin>
			<ymin>14</ymin>
			<xmax>147</xmax>
			<ymax>54</ymax>
		</bndbox>
	</object>
	<object>
		<name>IS</name>
		<pose>Unspecified</pose>
		<truncated>1</truncated>
		<difficult>0</difficult>
		<bndbox>
			<xmin>286</xmin>
			<ymin>12</ymin>
			<xmax>350</xmax>
			<ymax>61</ymax>
		</bndbox>
	</object>
	<object>
		<name>BP</name>
		<pose>Unspecified</pose>
		<truncated>0</truncated>
		<difficult>0</difficult>
		<bndbox>
			<xmin>102</xmin>
			<ymin>55</ymin>
			<xmax>121</xmax>
			<ymax>69</ymax>
		</bndbox>
	</object>
</annotation>