<annotation>
	<folder>JPEGImages</folder>
	<filename>0148.jpg</filename>
	<path>./train_val_test/JPEGImages/0148.jpg</path>
	<source>
		<database>Unknown</database>
	</source>
	<size>
		<width>350</width>
		<height>84</height>
		<depth>3</depth>
	</size>
	<segmented>0</segmented>
	<object>
		<name>IS</name>
		<pose>Unspecified</pose>
		<truncated>1</truncated>
		<difficult>0</difficult>
		<bndbox>
			<xmin>274</xmin>
			<ymin>12</ymin>
			<xmax>350</xmax>
			<ymax>65</ymax>
		</bndbox>
	</object>
	<object>
		<name>SBS</name>
		<pose>Unspecified</pose>
		<truncated>0</truncated>
		<difficult>0</difficult>
		<bndbox>
			<xmin>142</xmin>
			<ymin>17</ymin>
			<xmax>158</xmax>
			<ymax>27</ymax>
		</bndbox>
	</object>
	<object>
		<name>SBS</name>
		<pose>Unspecified</pose>
		<truncated>0</truncated>
		<difficult>0</difficult>
		<bndbox>
			<xmin>181</xmin>
			<ymin>15</ymin>
			<xmax>198</xmax>
			<ymax>25</ymax>
		</bndbox>
	</object>
</annotation>