<annotation>
	<folder>NG</folder>
	<filename>0150.jpg</filename>
	<path>./train_val_test/JPEGImages/0150.jpg</path>
	<source>
		<database>Unknown</database>
	</source>
	<size>
		<width>350</width>
		<height>84</height>
		<depth>3</depth>
	</size>
	<segmented>0</segmented>
	<object>
		<name>BP</name>
		<pose>Unspecified</pose>
		<truncated>0</truncated>
		<difficult>0</difficult>
		<bndbox>
			<xmin>76</xmin>
			<ymin>30</ymin>
			<xmax>98</xmax>
			<ymax>66</ymax>
		</bndbox>
	</object>
	<object>
		<name>CWTB</name>
		<pose>Unspecified</pose>
		<truncated>0</truncated>
		<difficult>0</difficult>
		<bndbox>
			<xmin>219</xmin>
			<ymin>25</ymin>
			<xmax>282</xmax>
			<ymax>67</ymax>
		</bndbox>
	</object>
</annotation>