<annotation>
	<folder>JPEGImages</folder>
	<filename>0157.jpg</filename>
	<path>./train_val_test/JPEGImages/0157.jpg</path>
	<source>
		<database>Unknown</database>
	</source>
	<size>
		<width>350</width>
		<height>84</height>
		<depth>3</depth>
	</size>
	<segmented>0</segmented>
	<object>
		<name>CWTB</name>
		<pose>Unspecified</pose>
		<truncated>0</truncated>
		<difficult>0</difficult>
		<bndbox>
			<xmin>221</xmin>
			<ymin>22</ymin>
			<xmax>279</xmax>
			<ymax>52</ymax>
		</bndbox>
	</object>
	<object>
		<name>BP</name>
		<pose>Unspecified</pose>
		<truncated>0</truncated>
		<difficult>0</difficult>
		<bndbox>
			<xmin>259</xmin>
			<ymin>40</ymin>
			<xmax>277</xmax>
			<ymax>66</ymax>
		</bndbox>
	</object>
	<object>
		<name>BP</name>
		<pose>Unspecified</pose>
		<truncated>0</truncated>
		<difficult>0</difficult>
		<bndbox>
			<xmin>104</xmin>
			<ymin>49</ymin>
			<xmax>117</xmax>
			<ymax>61</ymax>
		</bndbox>
	</object>
</annotation>