<annotation>
	<folder>Images</folder>
	<filename>0160.jpg</filename>
	<path>./train_val_test/JPEGImages/0160.jpg</path>
	<source>
		<database>Unknown</database>
	</source>
	<size>
		<width>350</width>
		<height>84</height>
		<depth>3</depth>
	</size>
	<segmented>0</segmented>
	<object>
		<name>CWTB</name>
		<pose>Unspecified</pose>
		<truncated>0</truncated>
		<difficult>0</difficult>
		<bndbox>
			<xmin>128</xmin>
			<ymin>32</ymin>
			<xmax>184</xmax>
			<ymax>59</ymax>
		</bndbox>
	</object>
	<object>
		<name>CWLT</name>
		<pose>Unspecified</pose>
		<truncated>0</truncated>
		<difficult>0</difficult>
		<bndbox>
			<xmin>288</xmin>
			<ymin>20</ymin>
			<xmax>322</xmax>
			<ymax>38</ymax>
		</bndbox>
	</object>
</annotation>