<annotation>
	<folder>Images</folder>
	<filename>0163.jpg</filename>
	<path>./train_val_test/JPEGImages/0163.jpg</path>
	<source>
		<database>Unknown</database>
	</source>
	<size>
		<width>350</width>
		<height>84</height>
		<depth>3</depth>
	</size>
	<segmented>0</segmented>
	<object>
		<name>SBS</name>
		<pose>Unspecified</pose>
		<truncated>0</truncated>
		<difficult>0</difficult>
		<bndbox>
			<xmin>178</xmin>
			<ymin>9</ymin>
			<xmax>192</xmax>
			<ymax>22</ymax>
		</bndbox>
	</object>
	<object>
		<name>SBS</name>
		<pose>Unspecified</pose>
		<truncated>0</truncated>
		<difficult>0</difficult>
		<bndbox>
			<xmin>134</xmin>
			<ymin>11</ymin>
			<xmax>157</xmax>
			<ymax>21</ymax>
		</bndbox>
	</object>
</annotation>