<annotation>
	<folder>JPEGImages</folder>
	<filename>0166.jpg</filename>
	<path>./train_val_test/JPEGImages/0166.jpg</path>
	<source>
		<database>Unknown</database>
	</source>
	<size>
		<width>350</width>
		<height>84</height>
		<depth>3</depth>
	</size>
	<segmented>0</segmented>
	<object>
		<name>BP</name>
		<pose>Unspecified</pose>
		<truncated>0</truncated>
		<difficult>0</difficult>
		<bndbox>
			<xmin>239</xmin>
			<ymin>13</ymin>
			<xmax>269</xmax>
			<ymax>51</ymax>
		</bndbox>
	</object>
	<object>
		<name>BP</name>
		<pose>Unspecified</pose>
		<truncated>0</truncated>
		<difficult>0</difficult>
		<bndbox>
			<xmin>49</xmin>
			<ymin>50</ymin>
			<xmax>114</xmax>
			<ymax>77</ymax>
		</bndbox>
	</object>
</annotation>