<annotation>
	<folder>NG</folder>
	<filename>0182.jpg</filename>
	<path>./train_val_test/JPEGImages/0182.jpg</path>
	<source>
		<database>Unknown</database>
	</source>
	<size>
		<width>350</width>
		<height>84</height>
		<depth>3</depth>
	</size>
	<segmented>0</segmented>
	<object>
		<name>CWTB</name>
		<pose>Unspecified</pose>
		<truncated>0</truncated>
		<difficult>0</difficult>
		<bndbox>
			<xmin>235</xmin>
			<ymin>24</ymin>
			<xmax>280</xmax>
			<ymax>53</ymax>
		</bndbox>
	</object>
</annotation>