<annotation>
	<folder>JPEGImages</folder>
	<filename>0184.jpg</filename>
	<path>./train_val_test/JPEGImages/0184.jpg</path>
	<source>
		<database>Unknown</database>
	</source>
	<size>
		<width>350</width>
		<height>84</height>
		<depth>3</depth>
	</size>
	<segmented>0</segmented>
	<object>
		<name>IS</name>
		<pose>Unspecified</pose>
		<truncated>1</truncated>
		<difficult>0</difficult>
		<bndbox>
			<xmin>1</xmin>
			<ymin>17</ymin>
			<xmax>69</xmax>
			<ymax>66</ymax>
		</bndbox>
	</object>
	<object>
		<name>TB</name>
		<pose>Unspecified</pose>
		<truncated>0</truncated>
		<difficult>0</difficult>
		<bndbox>
			<xmin>73</xmin>
			<ymin>21</ymin>
			<xmax>83</xmax>
			<ymax>31</ymax>
		</bndbox>
	</object>
</annotation>