<annotation>
	<folder>Images</folder>
	<filename>0187.jpg</filename>
	<path>./train_val_test/JPEGImages/0187.jpg</path>
	<source>
		<database>Unknown</database>
	</source>
	<size>
		<width>350</width>
		<height>84</height>
		<depth>3</depth>
	</size>
	<segmented>0</segmented>
	<object>
		<name>CWTB</name>
		<pose>Unspecified</pose>
		<truncated>0</truncated>
		<difficult>0</difficult>
		<bndbox>
			<xmin>88</xmin>
			<ymin>18</ymin>
			<xmax>149</xmax>
			<ymax>50</ymax>
		</bndbox>
	</object>
	<object>
		<name>CWLT</name>
		<pose>Unspecified</pose>
		<truncated>0</truncated>
		<difficult>0</difficult>
		<bndbox>
			<xmin>222</xmin>
			<ymin>19</ymin>
			<xmax>276</xmax>
			<ymax>43</ymax>
		</bndbox>
	</object>
	<object>
		<name>TB</name>
		<pose>Unspecified</pose>
		<truncated>0</truncated>
		<difficult>0</difficult>
		<bndbox>
			<xmin>206</xmin>
			<ymin>32</ymin>
			<xmax>216</xmax>
			<ymax>42</ymax>
		</bndbox>
	</object>
</annotation>