<annotation>
	<folder>JPEGImages</folder>
	<filename>0189.jpg</filename>
	<path>./train_val_test/JPEGImages/0189.jpg</path>
	<source>
		<database>Unknown</database>
	</source>
	<size>
		<width>350</width>
		<height>84</height>
		<depth>3</depth>
	</size>
	<segmented>0</segmented>
	<object>
		<name>IS</name>
		<pose>Unspecified</pose>
		<truncated>1</truncated>
		<difficult>0</difficult>
		<bndbox>
			<xmin>290</xmin>
			<ymin>1</ymin>
			<xmax>349</xmax>
			<ymax>64</ymax>
		</bndbox>
	</object>
	<object>
		<name>SBS</name>
		<pose>Unspecified</pose>
		<truncated>0</truncated>
		<difficult>0</difficult>
		<bndbox>
			<xmin>200</xmin>
			<ymin>9</ymin>
			<xmax>209</xmax>
			<ymax>20</ymax>
		</bndbox>
	</object>
</annotation>