<annotation>
	<folder>JPEGImages</folder>
	<filename>0192.jpg</filename>
	<path>./train_val_test/JPEGImages/0192.jpg</path>
	<source>
		<database>Unknown</database>
	</source>
	<size>
		<width>350</width>
		<height>84</height>
		<depth>3</depth>
	</size>
	<segmented>0</segmented>
	<object>
		<name>IS</name>
		<pose>Unspecified</pose>
		<truncated>0</truncated>
		<difficult>0</difficult>
		<bndbox>
			<xmin>278</xmin>
			<ymin>15</ymin>
			<xmax>347</xmax>
			<ymax>63</ymax>
		</bndbox>
	</object>
	<object>
		<name>IS</name>
		<pose>Unspecified</pose>
		<truncated>1</truncated>
		<difficult>0</difficult>
		<bndbox>
			<xmin>1</xmin>
			<ymin>22</ymin>
			<xmax>88</xmax>
			<ymax>77</ymax>
		</bndbox>
	</object>
</annotation>