<annotation>
	<folder>Images</folder>
	<filename>0198.jpg</filename>
	<path>./train_val_test/JPEGImages/0198.jpg</path>
	<source>
		<database>Unknown</database>
	</source>
	<size>
		<width>350</width>
		<height>84</height>
		<depth>3</depth>
	</size>
	<segmented>0</segmented>
	<object>
		<name>CWLT</name>
		<pose>Unspecified</pose>
		<truncated>0</truncated>
		<difficult>0</difficult>
		<bndbox>
			<xmin>70</xmin>
			<ymin>22</ymin>
			<xmax>109</xmax>
			<ymax>52</ymax>
		</bndbox>
	</object>
	<object>
		<name>CWLT</name>
		<pose>Unspecified</pose>
		<truncated>0</truncated>
		<difficult>0</difficult>
		<bndbox>
			<xmin>225</xmin>
			<ymin>27</ymin>
			<xmax>258</xmax>
			<ymax>49</ymax>
		</bndbox>
	</object>
</annotation>