<annotation>
	<folder>Images</folder>
	<filename>0207.jpg</filename>
	<path>./train_val_test/JPEGImages/0207.jpg</path>
	<source>
		<database>Unknown</database>
	</source>
	<size>
		<width>350</width>
		<height>84</height>
		<depth>3</depth>
	</size>
	<segmented>0</segmented>
	<object>
		<name>SBS</name>
		<pose>Unspecified</pose>
		<truncated>0</truncated>
		<difficult>0</difficult>
		<bndbox>
			<xmin>177</xmin>
			<ymin>16</ymin>
			<xmax>190</xmax>
			<ymax>28</ymax>
		</bndbox>
	</object>
	<object>
		<name>SBS</name>
		<pose>Unspecified</pose>
		<truncated>0</truncated>
		<difficult>0</difficult>
		<bndbox>
			<xmin>133</xmin>
			<ymin>18</ymin>
			<xmax>151</xmax>
			<ymax>28</ymax>
		</bndbox>
	</object>
	<object>
		<name>IS</name>
		<pose>Unspecified</pose>
		<truncated>1</truncated>
		<difficult>0</difficult>
		<bndbox>
			<xmin>283</xmin>
			<ymin>17</ymin>
			<xmax>350</xmax>
			<ymax>67</ymax>
		</bndbox>
	</object>
</annotation>