<annotation>
	<folder>Images</folder>
	<filename>0209.jpg</filename>
	<path>./train_val_test/JPEGImages/0209.jpg</path>
	<source>
		<database>Unknown</database>
	</source>
	<size>
		<width>350</width>
		<height>84</height>
		<depth>3</depth>
	</size>
	<segmented>0</segmented>
	<object>
		<name>CWLT</name>
		<pose>Unspecified</pose>
		<truncated>0</truncated>
		<difficult>0</difficult>
		<bndbox>
			<xmin>69</xmin>
			<ymin>23</ymin>
			<xmax>133</xmax>
			<ymax>50</ymax>
		</bndbox>
	</object>
	<object>
		<name>CWLT</name>
		<pose>Unspecified</pose>
		<truncated>0</truncated>
		<difficult>0</difficult>
		<bndbox>
			<xmin>240</xmin>
			<ymin>33</ymin>
			<xmax>278</xmax>
			<ymax>52</ymax>
		</bndbox>
	</object>
</annotation>