<annotation>
	<folder>Images</folder>
	<filename>0221.jpg</filename>
	<path>./train_val_test/JPEGImages/0221.jpg</path>
	<source>
		<database>Unknown</database>
	</source>
	<size>
		<width>350</width>
		<height>84</height>
		<depth>3</depth>
	</size>
	<segmented>0</segmented>
	<object>
		<name>CWLT</name>
		<pose>Unspecified</pose>
		<truncated>0</truncated>
		<difficult>0</difficult>
		<bndbox>
			<xmin>97</xmin>
			<ymin>23</ymin>
			<xmax>153</xmax>
			<ymax>56</ymax>
		</bndbox>
	</object>
	<object>
		<name>BP</name>
		<pose>Unspecified</pose>
		<truncated>0</truncated>
		<difficult>0</difficult>
		<bndbox>
			<xmin>97</xmin>
			<ymin>55</ymin>
			<xmax>121</xmax>
			<ymax>80</ymax>
		</bndbox>
	</object>
	<object>
		<name>BP</name>
		<pose>Unspecified</pose>
		<truncated>0</truncated>
		<difficult>0</difficult>
		<bndbox>
			<xmin>69</xmin>
			<ymin>61</ymin>
			<xmax>84</xmax>
			<ymax>81</ymax>
		</bndbox>
	</object>
</annotation>