<annotation>
	<folder>JPEGImages</folder>
	<filename>0223.jpg</filename>
	<path>./train_val_test/JPEGImages/0223.jpg</path>
	<source>
		<database>Unknown</database>
	</source>
	<size>
		<width>350</width>
		<height>84</height>
		<depth>3</depth>
	</size>
	<segmented>0</segmented>
	<object>
		<name>BP</name>
		<pose>Unspecified</pose>
		<truncated>1</truncated>
		<difficult>0</difficult>
		<bndbox>
			<xmin>59</xmin>
			<ymin>34</ymin>
			<xmax>96</xmax>
			<ymax>84</ymax>
		</bndbox>
	</object>
	<object>
		<name>SBS</name>
		<pose>Unspecified</pose>
		<truncated>0</truncated>
		<difficult>0</difficult>
		<bndbox>
			<xmin>141</xmin>
			<ymin>6</ymin>
			<xmax>163</xmax>
			<ymax>18</ymax>
		</bndbox>
	</object>
	<object>
		<name>BP</name>
		<pose>Unspecified</pose>
		<truncated>0</truncated>
		<difficult>0</difficult>
		<bndbox>
			<xmin>238</xmin>
			<ymin>12</ymin>
			<xmax>255</xmax>
			<ymax>30</ymax>
		</bndbox>
	</object>
	<object>
		<name>BP</name>
		<pose>Unspecified</pose>
		<truncated>0</truncated>
		<difficult>0</difficult>
		<bndbox>
			<xmin>39</xmin>
			<ymin>62</ymin>
			<xmax>55</xmax>
			<ymax>81</ymax>
		</bndbox>
	</object>
</annotation>