<annotation>
	<folder>Images</folder>
	<filename>0226.jpg</filename>
	<path>./train_val_test/JPEGImages/0226.jpg</path>
	<source>
		<database>Unknown</database>
	</source>
	<size>
		<width>350</width>
		<height>84</height>
		<depth>3</depth>
	</size>
	<segmented>0</segmented>
	<object>
		<name>CWTB</name>
		<pose>Unspecified</pose>
		<truncated>0</truncated>
		<difficult>0</difficult>
		<bndbox>
			<xmin>210</xmin>
			<ymin>29</ymin>
			<xmax>269</xmax>
			<ymax>68</ymax>
		</bndbox>
	</object>
</annotation>