<annotation>
	<folder>NG</folder>
	<filename>0248.jpg</filename>
	<path>./train_val_test/JPEGImages/0248.jpg</path>
	<source>
		<database>Unknown</database>
	</source>
	<size>
		<width>350</width>
		<height>84</height>
		<depth>3</depth>
	</size>
	<segmented>0</segmented>
	<object>
		<name>CWLT</name>
		<pose>Unspecified</pose>
		<truncated>0</truncated>
		<difficult>0</difficult>
		<bndbox>
			<xmin>228</xmin>
			<ymin>28</ymin>
			<xmax>298</xmax>
			<ymax>67</ymax>
		</bndbox>
	</object>
	<object>
		<name>CWLT</name>
		<pose>Unspecified</pose>
		<truncated>0</truncated>
		<difficult>0</difficult>
		<bndbox>
			<xmin>115</xmin>
			<ymin>32</ymin>
			<xmax>150</xmax>
			<ymax>55</ymax>
		</bndbox>
	</object>
</annotation>