<annotation>
	<folder>JPEGImages</folder>
	<filename>0251.jpg</filename>
	<path>./train_val_test/JPEGImages/0251.jpg</path>
	<source>
		<database>Unknown</database>
	</source>
	<size>
		<width>350</width>
		<height>84</height>
		<depth>3</depth>
	</size>
	<segmented>0</segmented>
	<object>
		<name>BP</name>
		<pose>Unspecified</pose>
		<truncated>0</truncated>
		<difficult>0</difficult>
		<bndbox>
			<xmin>246</xmin>
			<ymin>41</ymin>
			<xmax>269</xmax>
			<ymax>58</ymax>
		</bndbox>
	</object>
	<object>
		<name>IS</name>
		<pose>Unspecified</pose>
		<truncated>0</truncated>
		<difficult>0</difficult>
		<bndbox>
			<xmin>267</xmin>
			<ymin>14</ymin>
			<xmax>349</xmax>
			<ymax>58</ymax>
		</bndbox>
	</object>
</annotation>