<annotation>
	<folder>NG</folder>
	<filename>0267.jpg</filename>
	<path>./train_val_test/JPEGImages/0267.jpg</path>
	<source>
		<database>Unknown</database>
	</source>
	<size>
		<width>350</width>
		<height>84</height>
		<depth>3</depth>
	</size>
	<segmented>0</segmented>
	<object>
		<name>CWTB</name>
		<pose>Unspecified</pose>
		<truncated>0</truncated>
		<difficult>0</difficult>
		<bndbox>
			<xmin>87</xmin>
			<ymin>24</ymin>
			<xmax>162</xmax>
			<ymax>60</ymax>
		</bndbox>
	</object>
	<object>
		<name>CWLT</name>
		<pose>Unspecified</pose>
		<truncated>0</truncated>
		<difficult>0</difficult>
		<bndbox>
			<xmin>170</xmin>
			<ymin>29</ymin>
			<xmax>231</xmax>
			<ymax>57</ymax>
		</bndbox>
	</object>
</annotation>