<annotation>
	<folder>JPEGImages</folder>
	<filename>0274.jpg</filename>
	<path>./train_val_test/JPEGImages/0274.jpg</path>
	<source>
		<database>Unknown</database>
	</source>
	<size>
		<width>350</width>
		<height>84</height>
		<depth>3</depth>
	</size>
	<segmented>0</segmented>
	<object>
		<name>TB</name>
		<pose>Unspecified</pose>
		<truncated>0</truncated>
		<difficult>0</difficult>
		<bndbox>
			<xmin>115</xmin>
			<ymin>15</ymin>
			<xmax>131</xmax>
			<ymax>28</ymax>
		</bndbox>
	</object>
	<object>
		<name>TB</name>
		<pose>Unspecified</pose>
		<truncated>0</truncated>
		<difficult>0</difficult>
		<bndbox>
			<xmin>116</xmin>
			<ymin>38</ymin>
			<xmax>128</xmax>
			<ymax>52</ymax>
		</bndbox>
	</object>
	<object>
		<name>IS</name>
		<pose>Unspecified</pose>
		<truncated>1</truncated>
		<difficult>0</difficult>
		<bndbox>
			<xmin>272</xmin>
			<ymin>14</ymin>
			<xmax>350</xmax>
			<ymax>64</ymax>
		</bndbox>
	</object>
</annotation>