<annotation>
	<folder>JPEGImages</folder>
	<filename>0275.jpg</filename>
	<path>./train_val_test/JPEGImages/0275.jpg</path>
	<source>
		<database>Unknown</database>
	</source>
	<size>
		<width>350</width>
		<height>84</height>
		<depth>3</depth>
	</size>
	<segmented>0</segmented>
	<object>
		<name>SBS</name>
		<pose>Unspecified</pose>
		<truncated>0</truncated>
		<difficult>0</difficult>
		<bndbox>
			<xmin>149</xmin>
			<ymin>5</ymin>
			<xmax>169</xmax>
			<ymax>15</ymax>
		</bndbox>
	</object>
	<object>
		<name>SBS</name>
		<pose>Unspecified</pose>
		<truncated>0</truncated>
		<difficult>0</difficult>
		<bndbox>
			<xmin>189</xmin>
			<ymin>4</ymin>
			<xmax>210</xmax>
			<ymax>15</ymax>
		</bndbox>
	</object>
	<object>
		<name>IS</name>
		<pose>Unspecified</pose>
		<truncated>1</truncated>
		<difficult>0</difficult>
		<bndbox>
			<xmin>285</xmin>
			<ymin>6</ymin>
			<xmax>350</xmax>
			<ymax>63</ymax>
		</bndbox>
	</object>
</annotation>