<annotation>
	<folder>Images</folder>
	<filename>0276.jpg</filename>
	<path>./train_val_test/JPEGImages/0276.jpg</path>
	<source>
		<database>Unknown</database>
	</source>
	<size>
		<width>350</width>
		<height>84</height>
		<depth>3</depth>
	</size>
	<segmented>0</segmented>
	<object>
		<name>TB</name>
		<pose>Unspecified</pose>
		<truncated>0</truncated>
		<difficult>0</difficult>
		<bndbox>
			<xmin>241</xmin>
			<ymin>14</ymin>
			<xmax>259</xmax>
			<ymax>29</ymax>
		</bndbox>
	</object>
	<object>
		<name>BP</name>
		<pose>Unspecified</pose>
		<truncated>1</truncated>
		<difficult>0</difficult>
		<bndbox>
			<xmin>171</xmin>
			<ymin>66</ymin>
			<xmax>217</xmax>
			<ymax>84</ymax>
		</bndbox>
	</object>
</annotation>