<annotation>
	<folder>NG</folder>
	<filename>0290.jpg</filename>
	<path>./train_val_test/JPEGImages/0290.jpg</path>
	<source>
		<database>Unknown</database>
	</source>
	<size>
		<width>350</width>
		<height>84</height>
		<depth>3</depth>
	</size>
	<segmented>0</segmented>
	<object>
		<name>IS</name>
		<pose>Unspecified</pose>
		<truncated>0</truncated>
		<difficult>0</difficult>
		<bndbox>
			<xmin>287</xmin>
			<ymin>21</ymin>
			<xmax>345</xmax>
			<ymax>74</ymax>
		</bndbox>
	</object>
</annotation>