<annotation>
	<folder>JPEGImages</folder>
	<filename>0293.jpg</filename>
	<path>./train_val_test/JPEGImages/0293.jpg</path>
	<source>
		<database>Unknown</database>
	</source>
	<size>
		<width>350</width>
		<height>84</height>
		<depth>3</depth>
	</size>
	<segmented>0</segmented>
	<object>
		<name>BP</name>
		<pose>Unspecified</pose>
		<truncated>0</truncated>
		<difficult>0</difficult>
		<bndbox>
			<xmin>229</xmin>
			<ymin>16</ymin>
			<xmax>261</xmax>
			<ymax>63</ymax>
		</bndbox>
	</object>
</annotation>