<annotation>
	<folder>JPEGImages</folder>
	<filename>0294.jpg</filename>
	<path>./train_val_test/JPEGImages/0294.jpg</path>
	<source>
		<database>Unknown</database>
	</source>
	<size>
		<width>350</width>
		<height>84</height>
		<depth>3</depth>
	</size>
	<segmented>0</segmented>
	<object>
		<name>IS</name>
		<pose>Unspecified</pose>
		<truncated>0</truncated>
		<difficult>0</difficult>
		<bndbox>
			<xmin>285</xmin>
			<ymin>23</ymin>
			<xmax>349</xmax>
			<ymax>63</ymax>
		</bndbox>
	</object>
	<object>
		<name>TB</name>
		<pose>Unspecified</pose>
		<truncated>0</truncated>
		<difficult>0</difficult>
		<bndbox>
			<xmin>144</xmin>
			<ymin>15</ymin>
			<xmax>161</xmax>
			<ymax>31</ymax>
		</bndbox>
	</object>
</annotation>