<annotation>
	<folder>Images</folder>
	<filename>0297.jpg</filename>
	<path>./train_val_test/JPEGImages/0297.jpg</path>
	<source>
		<database>Unknown</database>
	</source>
	<size>
		<width>350</width>
		<height>84</height>
		<depth>3</depth>
	</size>
	<segmented>0</segmented>
	<object>
		<name>BP</name>
		<pose>Unspecified</pose>
		<truncated>0</truncated>
		<difficult>0</difficult>
		<bndbox>
			<xmin>47</xmin>
			<ymin>53</ymin>
			<xmax>70</xmax>
			<ymax>73</ymax>
		</bndbox>
	</object>
	<object>
		<name>CWLT</name>
		<pose>Unspecified</pose>
		<truncated>0</truncated>
		<difficult>0</difficult>
		<bndbox>
			<xmin>58</xmin>
			<ymin>31</ymin>
			<xmax>93</xmax>
			<ymax>56</ymax>
		</bndbox>
	</object>
	<object>
		<name>CWLT</name>
		<pose>Unspecified</pose>
		<truncated>0</truncated>
		<difficult>0</difficult>
		<bndbox>
			<xmin>222</xmin>
			<ymin>20</ymin>
			<xmax>264</xmax>
			<ymax>41</ymax>
		</bndbox>
	</object>
</annotation>