<annotation>
	<folder>Images</folder>
	<filename>0304.jpg</filename>
	<path>./train_val_test/JPEGImages/0304.jpg</path>
	<source>
		<database>Unknown</database>
	</source>
	<size>
		<width>350</width>
		<height>84</height>
		<depth>3</depth>
	</size>
	<segmented>0</segmented>
	<object>
		<name>BP</name>
		<pose>Unspecified</pose>
		<truncated>0</truncated>
		<difficult>0</difficult>
		<bndbox>
			<xmin>68</xmin>
			<ymin>31</ymin>
			<xmax>87</xmax>
			<ymax>62</ymax>
		</bndbox>
	</object>
	<object>
		<name>CWLT</name>
		<pose>Unspecified</pose>
		<truncated>0</truncated>
		<difficult>0</difficult>
		<bndbox>
			<xmin>247</xmin>
			<ymin>27</ymin>
			<xmax>284</xmax>
			<ymax>54</ymax>
		</bndbox>
	</object>
	<object>
		<name>CWLT</name>
		<pose>Unspecified</pose>
		<truncated>0</truncated>
		<difficult>0</difficult>
		<bndbox>
			<xmin>78</xmin>
			<ymin>23</ymin>
			<xmax>125</xmax>
			<ymax>43</ymax>
		</bndbox>
	</object>
</annotation>