<annotation>
	<folder>Images</folder>
	<filename>0305.jpg</filename>
	<path>./train_val_test/JPEGImages/0305.jpg</path>
	<source>
		<database>Unknown</database>
	</source>
	<size>
		<width>350</width>
		<height>84</height>
		<depth>3</depth>
	</size>
	<segmented>0</segmented>
	<object>
		<name>CWLT</name>
		<pose>Unspecified</pose>
		<truncated>0</truncated>
		<difficult>0</difficult>
		<bndbox>
			<xmin>114</xmin>
			<ymin>34</ymin>
			<xmax>162</xmax>
			<ymax>61</ymax>
		</bndbox>
	</object>
	<object>
		<name>TB</name>
		<pose>Unspecified</pose>
		<truncated>0</truncated>
		<difficult>0</difficult>
		<bndbox>
			<xmin>273</xmin>
			<ymin>17</ymin>
			<xmax>288</xmax>
			<ymax>30</ymax>
		</bndbox>
	</object>
</annotation>