<annotation>
	<folder>JPEGImages</folder>
	<filename>0314.jpg</filename>
	<path>./train_val_test/JPEGImages/0314.jpg</path>
	<source>
		<database>Unknown</database>
	</source>
	<size>
		<width>350</width>
		<height>84</height>
		<depth>3</depth>
	</size>
	<segmented>0</segmented>
	<object>
		<name>CWLT</name>
		<pose>Unspecified</pose>
		<truncated>0</truncated>
		<difficult>0</difficult>
		<bndbox>
			<xmin>74</xmin>
			<ymin>32</ymin>
			<xmax>112</xmax>
			<ymax>59</ymax>
		</bndbox>
	</object>
	<object>
		<name>IS</name>
		<pose>Unspecified</pose>
		<truncated>0</truncated>
		<difficult>0</difficult>
		<bndbox>
			<xmin>284</xmin>
			<ymin>12</ymin>
			<xmax>348</xmax>
			<ymax>71</ymax>
		</bndbox>
	</object>
</annotation>