<annotation>
	<folder>Images</folder>
	<filename>0315.jpg</filename>
	<path>./train_val_test/JPEGImages/0315.jpg</path>
	<source>
		<database>Unknown</database>
	</source>
	<size>
		<width>350</width>
		<height>84</height>
		<depth>3</depth>
	</size>
	<segmented>0</segmented>
	<object>
		<name>CWLT</name>
		<pose>Unspecified</pose>
		<truncated>0</truncated>
		<difficult>0</difficult>
		<bndbox>
			<xmin>89</xmin>
			<ymin>32</ymin>
			<xmax>133</xmax>
			<ymax>56</ymax>
		</bndbox>
	</object>
	<object>
		<name>TB</name>
		<pose>Unspecified</pose>
		<truncated>0</truncated>
		<difficult>0</difficult>
		<bndbox>
			<xmin>124</xmin>
			<ymin>39</ymin>
			<xmax>139</xmax>
			<ymax>54</ymax>
		</bndbox>
	</object>
	<object>
		<name>CWLT</name>
		<pose>Unspecified</pose>
		<truncated>0</truncated>
		<difficult>0</difficult>
		<bndbox>
			<xmin>255</xmin>
			<ymin>22</ymin>
			<xmax>293</xmax>
			<ymax>45</ymax>
		</bndbox>
	</object>
</annotation>