<annotation>
	<folder>Images</folder>
	<filename>0327.jpg</filename>
	<path>./train_val_test/JPEGImages/0327.jpg</path>
	<source>
		<database>Unknown</database>
	</source>
	<size>
		<width>350</width>
		<height>84</height>
		<depth>3</depth>
	</size>
	<segmented>0</segmented>
	<object>
		<name>TB</name>
		<pose>Unspecified</pose>
		<truncated>0</truncated>
		<difficult>0</difficult>
		<bndbox>
			<xmin>252</xmin>
			<ymin>16</ymin>
			<xmax>268</xmax>
			<ymax>31</ymax>
		</bndbox>
	</object>
	<object>
		<name>CWLT</name>
		<pose>Unspecified</pose>
		<truncated>0</truncated>
		<difficult>0</difficult>
		<bndbox>
			<xmin>261</xmin>
			<ymin>36</ymin>
			<xmax>290</xmax>
			<ymax>57</ymax>
		</bndbox>
	</object>
</annotation>