<annotation>
	<folder>JPEGImages</folder>
	<filename>0342.jpg</filename>
	<path>./train_val_test/JPEGImages/0342.jpg</path>
	<source>
		<database>Unknown</database>
	</source>
	<size>
		<width>350</width>
		<height>84</height>
		<depth>3</depth>
	</size>
	<segmented>0</segmented>
	<object>
		<name>SBS</name>
		<pose>Unspecified</pose>
		<truncated>0</truncated>
		<difficult>0</difficult>
		<bndbox>
			<xmin>153</xmin>
			<ymin>10</ymin>
			<xmax>170</xmax>
			<ymax>22</ymax>
		</bndbox>
	</object>
	<object>
		<name>SBS</name>
		<pose>Unspecified</pose>
		<truncated>0</truncated>
		<difficult>0</difficult>
		<bndbox>
			<xmin>193</xmin>
			<ymin>10</ymin>
			<xmax>208</xmax>
			<ymax>21</ymax>
		</bndbox>
	</object>
	<object>
		<name>IS</name>
		<pose>Unspecified</pose>
		<truncated>0</truncated>
		<difficult>0</difficult>
		<bndbox>
			<xmin>290</xmin>
			<ymin>16</ymin>
			<xmax>346</xmax>
			<ymax>66</ymax>
		</bndbox>
	</object>
</annotation>