<annotation>
	<folder>JPEGImages</folder>
	<filename>0354.jpg</filename>
	<path>./train_val_test/JPEGImages/0354.jpg</path>
	<source>
		<database>Unknown</database>
	</source>
	<size>
		<width>350</width>
		<height>84</height>
		<depth>3</depth>
	</size>
	<segmented>0</segmented>
	<object>
		<name>IS</name>
		<pose>Unspecified</pose>
		<truncated>0</truncated>
		<difficult>0</difficult>
		<bndbox>
			<xmin>2</xmin>
			<ymin>16</ymin>
			<xmax>84</xmax>
			<ymax>69</ymax>
		</bndbox>
	</object>
</annotation>