<annotation>
	<folder>JPEGImages</folder>
	<filename>0355.jpg</filename>
	<path>./train_val_test/JPEGImages/0355.jpg</path>
	<source>
		<database>Unknown</database>
	</source>
	<size>
		<width>350</width>
		<height>84</height>
		<depth>3</depth>
	</size>
	<segmented>0</segmented>
	<object>
		<name>IS</name>
		<pose>Unspecified</pose>
		<truncated>0</truncated>
		<difficult>0</difficult>
		<bndbox>
			<xmin>286</xmin>
			<ymin>19</ymin>
			<xmax>347</xmax>
			<ymax>67</ymax>
		</bndbox>
	</object>
	<object>
		<name>BP</name>
		<pose>Unspecified</pose>
		<truncated>0</truncated>
		<difficult>0</difficult>
		<bndbox>
			<xmin>81</xmin>
			<ymin>29</ymin>
			<xmax>111</xmax>
			<ymax>56</ymax>
		</bndbox>
	</object>
</annotation>