<annotation>
	<folder>JPEGImages</folder>
	<filename>0360.jpg</filename>
	<path>./train_val_test/JPEGImages/0360.jpg</path>
	<source>
		<database>Unknown</database>
	</source>
	<size>
		<width>350</width>
		<height>84</height>
		<depth>3</depth>
	</size>
	<segmented>0</segmented>
	<object>
		<name>IS</name>
		<pose>Unspecified</pose>
		<truncated>1</truncated>
		<difficult>0</difficult>
		<bndbox>
			<xmin>1</xmin>
			<ymin>16</ymin>
			<xmax>102</xmax>
			<ymax>69</ymax>
		</bndbox>
	</object>
	<object>
		<name>IS</name>
		<pose>Unspecified</pose>
		<truncated>1</truncated>
		<difficult>0</difficult>
		<bndbox>
			<xmin>287</xmin>
			<ymin>19</ymin>
			<xmax>350</xmax>
			<ymax>66</ymax>
		</bndbox>
	</object>
</annotation>