<annotation>
	<folder>Images</folder>
	<filename>0365.jpg</filename>
	<path>./train_val_test/JPEGImages/0365.jpg</path>
	<source>
		<database>Unknown</database>
	</source>
	<size>
		<width>350</width>
		<height>84</height>
		<depth>3</depth>
	</size>
	<segmented>0</segmented>
	<object>
		<name>BP</name>
		<pose>Unspecified</pose>
		<truncated>0</truncated>
		<difficult>0</difficult>
		<bndbox>
			<xmin>88</xmin>
			<ymin>43</ymin>
			<xmax>112</xmax>
			<ymax>77</ymax>
		</bndbox>
	</object>
	<object>
		<name>CWTB</name>
		<pose>Unspecified</pose>
		<truncated>0</truncated>
		<difficult>0</difficult>
		<bndbox>
			<xmin>83</xmin>
			<ymin>24</ymin>
			<xmax>147</xmax>
			<ymax>54</ymax>
		</bndbox>
	</object>
	<object>
		<name>CWLT</name>
		<pose>Unspecified</pose>
		<truncated>0</truncated>
		<difficult>0</difficult>
		<bndbox>
			<xmin>244</xmin>
			<ymin>26</ymin>
			<xmax>284</xmax>
			<ymax>42</ymax>
		</bndbox>
	</object>
</annotation>