<annotation>
	<folder>Images</folder>
	<filename>0369.jpg</filename>
	<path>./train_val_test/JPEGImages/0369.jpg</path>
	<source>
		<database>Unknown</database>
	</source>
	<size>
		<width>350</width>
		<height>84</height>
		<depth>3</depth>
	</size>
	<segmented>0</segmented>
	<object>
		<name>SBS</name>
		<pose>Unspecified</pose>
		<truncated>0</truncated>
		<difficult>0</difficult>
		<bndbox>
			<xmin>151</xmin>
			<ymin>2</ymin>
			<xmax>172</xmax>
			<ymax>28</ymax>
		</bndbox>
	</object>
	<object>
		<name>SBS</name>
		<pose>Unspecified</pose>
		<truncated>0</truncated>
		<difficult>0</difficult>
		<bndbox>
			<xmin>189</xmin>
			<ymin>4</ymin>
			<xmax>207</xmax>
			<ymax>28</ymax>
		</bndbox>
	</object>
</annotation>