<annotation>
	<folder>Images</folder>
	<filename>0384.jpg</filename>
	<path>./train_val_test/JPEGImages/0384.jpg</path>
	<source>
		<database>Unknown</database>
	</source>
	<size>
		<width>350</width>
		<height>84</height>
		<depth>3</depth>
	</size>
	<segmented>0</segmented>
	<object>
		<name>CWLT</name>
		<pose>Unspecified</pose>
		<truncated>0</truncated>
		<difficult>0</difficult>
		<bndbox>
			<xmin>107</xmin>
			<ymin>21</ymin>
			<xmax>173</xmax>
			<ymax>67</ymax>
		</bndbox>
	</object>
	<object>
		<name>BP</name>
		<pose>Unspecified</pose>
		<truncated>0</truncated>
		<difficult>0</difficult>
		<bndbox>
			<xmin>116</xmin>
			<ymin>15</ymin>
			<xmax>165</xmax>
			<ymax>50</ymax>
		</bndbox>
	</object>
	<object>
		<name>BP</name>
		<pose>Unspecified</pose>
		<truncated>0</truncated>
		<difficult>0</difficult>
		<bndbox>
			<xmin>106</xmin>
			<ymin>46</ymin>
			<xmax>153</xmax>
			<ymax>83</ymax>
		</bndbox>
	</object>
</annotation>