<annotation>
	<folder>Images</folder>
	<filename>0391.jpg</filename>
	<path>./train_val_test/JPEGImages/0391.jpg</path>
	<source>
		<database>Unknown</database>
	</source>
	<size>
		<width>350</width>
		<height>84</height>
		<depth>3</depth>
	</size>
	<segmented>0</segmented>
	<object>
		<name>SBS</name>
		<pose>Unspecified</pose>
		<truncated>0</truncated>
		<difficult>0</difficult>
		<bndbox>
			<xmin>199</xmin>
			<ymin>14</ymin>
			<xmax>212</xmax>
			<ymax>25</ymax>
		</bndbox>
	</object>
	<object>
		<name>CWLT</name>
		<pose>Unspecified</pose>
		<truncated>0</truncated>
		<difficult>0</difficult>
		<bndbox>
			<xmin>215</xmin>
			<ymin>26</ymin>
			<xmax>284</xmax>
			<ymax>63</ymax>
		</bndbox>
	</object>
</annotation>