<annotation>
	<folder>JPEGImages</folder>
	<filename>0400.jpg</filename>
	<path>./train_val_test/JPEGImages/0400.jpg</path>
	<source>
		<database>Unknown</database>
	</source>
	<size>
		<width>350</width>
		<height>84</height>
		<depth>3</depth>
	</size>
	<segmented>0</segmented>
	<object>
		<name>IS</name>
		<pose>Unspecified</pose>
		<truncated>0</truncated>
		<difficult>0</difficult>
		<bndbox>
			<xmin>3</xmin>
			<ymin>15</ymin>
			<xmax>69</xmax>
			<ymax>59</ymax>
		</bndbox>
	</object>
</annotation>