<annotation>
	<folder>Images</folder>
	<filename>0414.jpg</filename>
	<path>./train_val_test/JPEGImages/0414.jpg</path>
	<source>
		<database>Unknown</database>
	</source>
	<size>
		<width>350</width>
		<height>84</height>
		<depth>3</depth>
	</size>
	<segmented>0</segmented>
	<object>
		<name>CWLT</name>
		<pose>Unspecified</pose>
		<truncated>0</truncated>
		<difficult>0</difficult>
		<bndbox>
			<xmin>217</xmin>
			<ymin>38</ymin>
			<xmax>243</xmax>
			<ymax>54</ymax>
		</bndbox>
	</object>
	<object>
		<name>CWTB</name>
		<pose>Unspecified</pose>
		<truncated>0</truncated>
		<difficult>0</difficult>
		<bndbox>
			<xmin>44</xmin>
			<ymin>29</ymin>
			<xmax>94</xmax>
			<ymax>61</ymax>
		</bndbox>
	</object>
</annotation>