<annotation>
	<folder>JPEGImages</folder>
	<filename>0419.jpg</filename>
	<path>./train_val_test/JPEGImages/0419.jpg</path>
	<source>
		<database>Unknown</database>
	</source>
	<size>
		<width>350</width>
		<height>84</height>
		<depth>3</depth>
	</size>
	<segmented>0</segmented>
	<object>
		<name>CWTB</name>
		<pose>Unspecified</pose>
		<truncated>0</truncated>
		<difficult>0</difficult>
		<bndbox>
			<xmin>50</xmin>
			<ymin>20</ymin>
			<xmax>111</xmax>
			<ymax>51</ymax>
		</bndbox>
	</object>
	<object>
		<name>IS</name>
		<pose>Unspecified</pose>
		<truncated>1</truncated>
		<difficult>0</difficult>
		<bndbox>
			<xmin>251</xmin>
			<ymin>15</ymin>
			<xmax>350</xmax>
			<ymax>64</ymax>
		</bndbox>
	</object>
	<object>
		<name>BP</name>
		<pose>Unspecified</pose>
		<truncated>0</truncated>
		<difficult>0</difficult>
		<bndbox>
			<xmin>56</xmin>
			<ymin>56</ymin>
			<xmax>72</xmax>
			<ymax>69</ymax>
		</bndbox>
	</object>
</annotation>