<annotation>
	<folder>JPEGImages</folder>
	<filename>0438.jpg</filename>
	<path>./train_val_test/JPEGImages/0438.jpg</path>
	<source>
		<database>Unknown</database>
	</source>
	<size>
		<width>350</width>
		<height>84</height>
		<depth>3</depth>
	</size>
	<segmented>0</segmented>
	<object>
		<name>IS</name>
		<pose>Unspecified</pose>
		<truncated>1</truncated>
		<difficult>0</difficult>
		<bndbox>
			<xmin>1</xmin>
			<ymin>21</ymin>
			<xmax>70</xmax>
			<ymax>64</ymax>
		</bndbox>
	</object>
	<object>
		<name>BP</name>
		<pose>Unspecified</pose>
		<truncated>0</truncated>
		<difficult>0</difficult>
		<bndbox>
			<xmin>278</xmin>
			<ymin>55</ymin>
			<xmax>315</xmax>
			<ymax>78</ymax>
		</bndbox>
	</object>
</annotation>