<annotation>
	<folder>Images</folder>
	<filename>0444.jpg</filename>
	<path>./train_val_test/JPEGImages/0444.jpg</path>
	<source>
		<database>Unknown</database>
	</source>
	<size>
		<width>350</width>
		<height>84</height>
		<depth>3</depth>
	</size>
	<segmented>0</segmented>
	<object>
		<name>CWTB</name>
		<pose>Unspecified</pose>
		<truncated>0</truncated>
		<difficult>0</difficult>
		<bndbox>
			<xmin>64</xmin>
			<ymin>21</ymin>
			<xmax>107</xmax>
			<ymax>50</ymax>
		</bndbox>
	</object>
</annotation>