<annotation>
	<folder>NG</folder>
	<filename>0447.jpg</filename>
	<path>./train_val_test/JPEGImages/0447.jpg</path>
	<source>
		<database>Unknown</database>
	</source>
	<size>
		<width>350</width>
		<height>84</height>
		<depth>3</depth>
	</size>
	<segmented>0</segmented>
	<object>
		<name>CWTB</name>
		<pose>Unspecified</pose>
		<truncated>0</truncated>
		<difficult>0</difficult>
		<bndbox>
			<xmin>78</xmin>
			<ymin>27</ymin>
			<xmax>119</xmax>
			<ymax>49</ymax>
		</bndbox>
	</object>
</annotation>