<annotation>
	<folder>JPEGImages</folder>
	<filename>0450.jpg</filename>
	<path>./train_val_test/JPEGImages/0450.jpg</path>
	<source>
		<database>Unknown</database>
	</source>
	<size>
		<width>350</width>
		<height>84</height>
		<depth>3</depth>
	</size>
	<segmented>0</segmented>
	<object>
		<name>CWTB</name>
		<pose>Unspecified</pose>
		<truncated>0</truncated>
		<difficult>0</difficult>
		<bndbox>
			<xmin>68</xmin>
			<ymin>25</ymin>
			<xmax>136</xmax>
			<ymax>67</ymax>
		</bndbox>
	</object>
	<object>
		<name>BP</name>
		<pose>Unspecified</pose>
		<truncated>0</truncated>
		<difficult>0</difficult>
		<bndbox>
			<xmin>58</xmin>
			<ymin>51</ymin>
			<xmax>81</xmax>
			<ymax>72</ymax>
		</bndbox>
	</object>
</annotation>