<annotation>
	<folder>JPEGImages</folder>
	<filename>0471.jpg</filename>
	<path>./train_val_test/JPEGImages/0471.jpg</path>
	<source>
		<database>Unknown</database>
	</source>
	<size>
		<width>350</width>
		<height>84</height>
		<depth>3</depth>
	</size>
	<segmented>0</segmented>
	<object>
		<name>IS</name>
		<pose>Unspecified</pose>
		<truncated>1</truncated>
		<difficult>0</difficult>
		<bndbox>
			<xmin>263</xmin>
			<ymin>17</ymin>
			<xmax>350</xmax>
			<ymax>70</ymax>
		</bndbox>
	</object>
	<object>
		<name>SBS</name>
		<pose>Unspecified</pose>
		<truncated>0</truncated>
		<difficult>0</difficult>
		<bndbox>
			<xmin>130</xmin>
			<ymin>7</ymin>
			<xmax>145</xmax>
			<ymax>20</ymax>
		</bndbox>
	</object>
</annotation>