<annotation>
	<folder>JPEGImages</folder>
	<filename>0478.jpg</filename>
	<path>./train_val_test/JPEGImages/0478.jpg</path>
	<source>
		<database>Unknown</database>
	</source>
	<size>
		<width>350</width>
		<height>84</height>
		<depth>3</depth>
	</size>
	<segmented>0</segmented>
	<object>
		<name>CWTB</name>
		<pose>Unspecified</pose>
		<truncated>0</truncated>
		<difficult>0</difficult>
		<bndbox>
			<xmin>62</xmin>
			<ymin>29</ymin>
			<xmax>117</xmax>
			<ymax>67</ymax>
		</bndbox>
	</object>
	<object>
		<name>CWLT</name>
		<pose>Unspecified</pose>
		<truncated>0</truncated>
		<difficult>0</difficult>
		<bndbox>
			<xmin>234</xmin>
			<ymin>28</ymin>
			<xmax>267</xmax>
			<ymax>52</ymax>
		</bndbox>
	</object>
	<object>
		<name>BP</name>
		<pose>Unspecified</pose>
		<truncated>0</truncated>
		<difficult>0</difficult>
		<bndbox>
			<xmin>281</xmin>
			<ymin>63</ymin>
			<xmax>295</xmax>
			<ymax>78</ymax>
		</bndbox>
	</object>
</annotation>