<annotation>
	<folder>Images</folder>
	<filename>0489.jpg</filename>
	<path>./train_val_test/JPEGImages/0489.jpg</path>
	<source>
		<database>Unknown</database>
	</source>
	<size>
		<width>350</width>
		<height>84</height>
		<depth>3</depth>
	</size>
	<segmented>0</segmented>
	<object>
		<name>SBS</name>
		<pose>Unspecified</pose>
		<truncated>0</truncated>
		<difficult>0</difficult>
		<bndbox>
			<xmin>153</xmin>
			<ymin>5</ymin>
			<xmax>184</xmax>
			<ymax>24</ymax>
		</bndbox>
	</object>
	<object>
		<name>SBS</name>
		<pose>Unspecified</pose>
		<truncated>0</truncated>
		<difficult>0</difficult>
		<bndbox>
			<xmin>117</xmin>
			<ymin>7</ymin>
			<xmax>138</xmax>
			<ymax>27</ymax>
		</bndbox>
	</object>
</annotation>