<annotation>
	<folder>JPEGImages</folder>
	<filename>0490.jpg</filename>
	<path>./train_val_test/JPEGImages/0490.jpg</path>
	<source>
		<database>Unknown</database>
	</source>
	<size>
		<width>350</width>
		<height>84</height>
		<depth>3</depth>
	</size>
	<segmented>0</segmented>
	<object>
		<name>CWLT</name>
		<pose>Unspecified</pose>
		<truncated>0</truncated>
		<difficult>0</difficult>
		<bndbox>
			<xmin>270</xmin>
			<ymin>10</ymin>
			<xmax>301</xmax>
			<ymax>41</ymax>
		</bndbox>
	</object>
	<object>
		<name>SBS</name>
		<pose>Unspecified</pose>
		<truncated>1</truncated>
		<difficult>0</difficult>
		<bndbox>
			<xmin>156</xmin>
			<ymin>1</ymin>
			<xmax>192</xmax>
			<ymax>18</ymax>
		</bndbox>
	</object>
	<object>
		<name>SBS</name>
		<pose>Unspecified</pose>
		<truncated>0</truncated>
		<difficult>0</difficult>
		<bndbox>
			<xmin>208</xmin>
			<ymin>6</ymin>
			<xmax>225</xmax>
			<ymax>22</ymax>
		</bndbox>
	</object>
</annotation>