<annotation>
	<folder>JPEGImages</folder>
	<filename>0491.jpg</filename>
	<path>./train_val_test/JPEGImages/0491.jpg</path>
	<source>
		<database>Unknown</database>
	</source>
	<size>
		<width>350</width>
		<height>84</height>
		<depth>3</depth>
	</size>
	<segmented>0</segmented>
	<object>
		<name>CWLT</name>
		<pose>Unspecified</pose>
		<truncated>0</truncated>
		<difficult>0</difficult>
		<bndbox>
			<xmin>196</xmin>
			<ymin>22</ymin>
			<xmax>283</xmax>
			<ymax>74</ymax>
		</bndbox>
	</object>
	<object>
		<name>BP</name>
		<pose>Unspecified</pose>
		<truncated>0</truncated>
		<difficult>0</difficult>
		<bndbox>
			<xmin>151</xmin>
			<ymin>43</ymin>
			<xmax>158</xmax>
			<ymax>54</ymax>
		</bndbox>
	</object>
</annotation>