<annotation>
	<folder>Images</folder>
	<filename>0494.jpg</filename>
	<path>./train_val_test/JPEGImages/0494.jpg</path>
	<source>
		<database>Unknown</database>
	</source>
	<size>
		<width>350</width>
		<height>84</height>
		<depth>3</depth>
	</size>
	<segmented>0</segmented>
	<object>
		<name>BP</name>
		<pose>Unspecified</pose>
		<truncated>1</truncated>
		<difficult>0</difficult>
		<bndbox>
			<xmin>239</xmin>
			<ymin>30</ymin>
			<xmax>263</xmax>
			<ymax>84</ymax>
		</bndbox>
	</object>
	<object>
		<name>TB</name>
		<pose>Unspecified</pose>
		<truncated>0</truncated>
		<difficult>0</difficult>
		<bndbox>
			<xmin>101</xmin>
			<ymin>11</ymin>
			<xmax>117</xmax>
			<ymax>23</ymax>
		</bndbox>
	</object>
</annotation>