<annotation>
	<folder>JPEGImages</folder>
	<filename>0495.jpg</filename>
	<path>./train_val_test/JPEGImages/0495.jpg</path>
	<source>
		<database>Unknown</database>
	</source>
	<size>
		<width>350</width>
		<height>84</height>
		<depth>3</depth>
	</size>
	<segmented>0</segmented>
	<object>
		<name>IS</name>
		<pose>Unspecified</pose>
		<truncated>0</truncated>
		<difficult>0</difficult>
		<bndbox>
			<xmin>283</xmin>
			<ymin>18</ymin>
			<xmax>348</xmax>
			<ymax>65</ymax>
		</bndbox>
	</object>
	<object>
		<name>SBS</name>
		<pose>Unspecified</pose>
		<truncated>0</truncated>
		<difficult>0</difficult>
		<bndbox>
			<xmin>152</xmin>
			<ymin>10</ymin>
			<xmax>168</xmax>
			<ymax>24</ymax>
		</bndbox>
	</object>
	<object>
		<name>SBS</name>
		<pose>Unspecified</pose>
		<truncated>0</truncated>
		<difficult>0</difficult>
		<bndbox>
			<xmin>186</xmin>
			<ymin>11</ymin>
			<xmax>200</xmax>
			<ymax>23</ymax>
		</bndbox>
	</object>
</annotation>