<annotation>
	<folder>Images</folder>
	<filename>0496.jpg</filename>
	<path>./train_val_test/JPEGImages/0496.jpg</path>
	<source>
		<database>Unknown</database>
	</source>
	<size>
		<width>350</width>
		<height>84</height>
		<depth>3</depth>
	</size>
	<segmented>0</segmented>
	<object>
		<name>SBS</name>
		<pose>Unspecified</pose>
		<truncated>0</truncated>
		<difficult>0</difficult>
		<bndbox>
			<xmin>172</xmin>
			<ymin>13</ymin>
			<xmax>187</xmax>
			<ymax>25</ymax>
		</bndbox>
	</object>
	<object>
		<name>SBS</name>
		<pose>Unspecified</pose>
		<truncated>0</truncated>
		<difficult>0</difficult>
		<bndbox>
			<xmin>134</xmin>
			<ymin>15</ymin>
			<xmax>150</xmax>
			<ymax>26</ymax>
		</bndbox>
	</object>
</annotation>